route_id,route_short_name,gtfs_from,gtfs_to,matched_key,ctb_origin_tc,ctb_destination_tc,orientation,sim_from,sim_to,avg,reason
8602,15,中環(交易廣場),山頂(不經文輝道),CTB-15-I,山頂,中環,swapped,0.333,0.286,0.310,
8337,5B,摩星嶺,香港大球場(不經遮打道),CTB-5B-I,銅鑼灣／香港大球場,摩星嶺／堅尼地城,swapped,0.429,0.200,0.314,
8753,S52,"東堤灣畔, 順東路",飛機維修區(不經國泰城及貨運區),CTB-S52-I,飛機維修區,東涌 (逸東邨),swapped,0.286,0.357,0.321,
1000654,586,西沙GO PARK,荃灣站,CTB-586-I,荃灣站 (經:長沙灣),西沙灣  (經:大圍),swapped,0.250,0.429,0.339,
1000496,95C,鴨脷洲邨,置富花園(循環線)(以鴨脷洲工業區為終點),CTB-95C-I,置富花園,鴨脷洲邨 / 利南工業區,swapped,0.444,0.235,0.340,
8326,S56,東涌站巴士總站,機場(客運大樓)(以裕雅商場為終點),CTB-S56-O,東涌站,機場 (一號客運大樓),forward,0.429,0.286,0.357,
1766,48,深灣,華富(循環線),CTB-48-I,華富 (北),深灣／海洋公園,swapped,0.333,0.400,0.367,
1571,4,黃竹坑,中環(途經中環碼頭),CTB-4-I,中環,黃竹坑／華富 (南),swapped,0.500,0.250,0.375,
1000656,589,西沙GO PARK,九龍灣,CTB-589-I,九龍灣 (經 觀塘),西沙灣,swapped,0.250,0.500,0.375,
1000499,581,西沙GO PARK,馬鞍山市中心,CTB-581-I,馬鞍山市中心 (經烏溪沙站),西沙灣,swapped,0.250,0.545,0.398,
1749,12,中環(中環渡輪碼頭3號),羅便臣道/柏道(循環線)(不經金鐘、柏道),CTB-12-I,羅便臣道／柏道,中環3號碼頭,swapped,0.400,0.400,0.400,
1000006,5B,銅鑼灣 (銅鑼灣道),摩星嶺,CTB-5B-I,銅鑼灣／香港大球場,摩星嶺／堅尼地城,forward,0.375,0.429,0.402,
1765,48,海洋公園,華富(海洋公園為終點站)(循環線),CTB-48-I,華富 (北),深灣／海洋公園,swapped,0.667,0.154,0.410,
1958,969C,鰂魚涌,天水圍(天瑞),CTB-969C-I,太古 (康怡廣場),天水圍 (天瑞邨),forward,0.000,0.833,0.417,
8388,48,海洋公園,華富(深灣為終點站)(循環線),CTB-48-I,華富 (北),深灣／海洋公園,swapped,0.667,0.182,0.424,
1000071,25,中環 (3 號碼頭),協同中學,CTB-25-I,寶馬山,中環 (3 / 5 號碼頭),swapped,0.857,0.000,0.429,
1000527,A12,機場,小西灣(藍灣半島)(經西環),CTB-A12-I,機場 (經港珠澳大橋香港口岸),小西灣 (藍灣半島),forward,0.167,0.700,0.433,
8324,S56,東涌站巴士總站,機場(客運大樓)(循環線),CTB-S56-O,東涌站,機場 (一號客運大樓),forward,0.429,0.444,0.437,
1887,967X,銅鑼灣(摩頓台),天水圍(天恩邨)(不經海富中心),CTB-967X-I,銅鑼灣 (經天水圍北),天水圍 (天恩邨),forward,0.375,0.500,0.438,
8220,H1,中環 (天星碼頭),尖沙咀(不經遮打道),CTB-H1-O,中環碼頭-天星小輪,尖沙咀 ．落日飛車,forward,0.500,0.375,0.438,
1000223,795X,清水灣半島,蘇屋,CTB-795X-I,蘇屋 (經:旺角及美孚),清水灣半島 (經:尚德),swapped,0.625,0.250,0.438,
1000354,694S,調景嶺站,小西灣邨(經日出康城),CTB-694S-I,調景嶺站 (經:日出康城),小西灣邨,forward,0.444,0.444,0.444,
1000437,H2K,中環(天星碼頭),西九文化區(循環線),CTB-H2K-I,西九文化區 ．落日飛車,中環碼頭-天星小輪 ．落日飛車,swapped,0.333,0.556,0.444,
1595,701,海麗邨,旺角(循環線),CTB-701-I,旺角,海麗邨／南昌站,swapped,0.500,0.400,0.450,
1861,701S,海麗邨,旺角(循環線),CTB-701S-I,旺角,海麗邨／南昌站,swapped,0.500,0.400,0.450,
1000259,15C,花園道(山頂纜車總站),中環 (香港摩天輪)(不經雪廠街),CTB-15C-I,花園道,中環 (香港摩天輪),forward,0.333,0.583,0.458,
1598,702S,蘇屋,長沙灣(深盛路)/富昌邨(循環線),CTB-702S-I,泓景臺／富昌邨,蘇屋邨,swapped,0.667,0.250,0.458,
1000688,795X,清水灣半島,蘇屋(經入境事務處總部),CTB-795X-I,蘇屋 (經:旺角及美孚),清水灣半島 (經:尚德),swapped,0.625,0.300,0.463,
1475,H1,中環 (天星碼頭),尖沙咀,CTB-H1-O,中環碼頭-天星小輪,尖沙咀 ．落日飛車,forward,0.500,0.429,0.464,
8750,969C,天水圍市中心,太古 (康怡廣場)(經天水圍北及天慈),CTB-969C-I,太古 (康怡廣場),天水圍 (天瑞邨),swapped,0.500,0.429,0.464,
1000277,76,石排灣,銅鑼灣(邊寧頓街)(上課日加開班次),CTB-76-I,銅鑼灣 (邊寧頓街),黃竹坑站／石排灣,swapped,0.429,0.500,0.464,
8142,720,中環 (港澳碼頭),嘉亨灣(經金鐘道和駱克道),CTB-720-I,中環 (港澳碼頭 / 永和街),嘉亨灣,forward,0.667,0.273,0.470,
8336,5B,堅尼地城,銅鑼灣,CTB-5B-I,銅鑼灣／香港大球場,摩星嶺／堅尼地城,swapped,0.571,0.375,0.473,
8338,5B,堅尼地城,銅鑼灣(不經遮打道),CTB-5B-I,銅鑼灣／香港大球場,摩星嶺／堅尼地城,swapped,0.571,0.375,0.473,
8339,5B,銅鑼灣,堅尼地城,CTB-5B-I,銅鑼灣／香港大球場,摩星嶺／堅尼地城,forward,0.375,0.571,0.473,
8585,6,赤柱監獄,中環(交易廣場)(經舂磡角及馬坑),CTB-6-I,赤柱市場,中環 (交易廣場),forward,0.500,0.462,0.481,
1680,A29,將軍澳(寶林),機場,CTB-A29-I,機場 (經港珠澳大橋香港口岸),將軍澳 (寶琳),swapped,0.800,0.167,0.483,
1000410,50M,和田邨,屯門站(上課日加開班次),CTB-50M-I,屯門站,菁田邨,swapped,0.667,0.300,0.483,
1539,37X,置富花園,中環(循環線),CTB-37X-O,置富花園,金鐘,forward,1.000,0.000,0.500,
1586,40P,深灣公共交通總站,羅便臣道,CTB-40P-O,華富 (北),羅便臣道,forward,0.000,1.000,0.500,
1587,40P,香港仔,羅便臣道,CTB-40P-O,華富 (北),羅便臣道,forward,0.000,1.000,0.500,
1538,37B,置富花園,中環(循環線),CTB-37B-O,置富花園,金鐘,forward,1.000,0.000,0.500,
1583,682,利安,柴灣(東),CTB-682-I,馬鞍山 (烏溪沙站),柴灣 (東),forward,0.000,1.000,0.500,
1612,780P,柴灣(興華邨),中環碼頭,CTB-780P-O,興華 (經銅鑼灣),中環碼頭,forward,0.000,1.000,0.500,
1632,82X,小西灣(藍灣半島),北角(循環線),CTB-82X-I,鰂魚涌,小西灣 (藍灣半島),swapped,1.000,0.000,0.500,
1768,85A,愛賢街,寶馬山,CTB-85A-I,寶馬山,筲箕灣,swapped,0.000,1.000,0.500,
1800,969B,樂湖居,灣仔,CTB-969B-I,灣仔,天水圍市中心,swapped,0.000,1.000,0.500,
1789,93C,田灣邨巴士總站,堅道,CTB-93C-O,鴨脷洲大街／田灣,堅道,forward,0.000,1.000,0.500,
1801,970X,田灣,長沙灣 (甘泉街),CTB-970X-I,長沙灣 (甘泉街),香港仔,swapped,0.000,1.000,0.500,
1957,962C,鰂魚涌,屯門(龍門居),CTB-962C-I,太古 (康怡廣場),屯門 (龍門居),forward,0.000,1.000,0.500,
8133,19P,筲箕灣,大坑道,CTB-19P-O,筲箕灣,跑馬地 (上),forward,1.000,0.000,0.500,
8138,85,小西灣(藍灣半島),北角碼頭,CTB-85-I,寶馬山／北角,小西灣 (藍灣半島),swapped,1.000,0.000,0.500,
8139,85A,北角碼頭,筲箕灣,CTB-85A-I,寶馬山,筲箕灣,forward,0.000,1.000,0.500,
8254,4,田灣,中環,CTB-4-I,中環,黃竹坑／華富 (南),swapped,0.000,1.000,0.500,
8269,37B,中環 (交易廣場),置富花園,CTB-37B-O,置富花園,金鐘,swapped,0.000,1.000,0.500,
8258,70,華貴,中環(交易廣場)(經田灣),CTB-70-I,中環 (交易廣場),華貴 (經:香港仔),swapped,0.333,0.667,0.500,
8276,682A,柴灣(東),泥涌,CTB-682A-I,柴灣 (東),馬鞍山市中心,forward,1.000,0.000,0.500,
8387,48,深灣,華富,CTB-48-I,華富 (北),深灣／海洋公園,swapped,0.333,0.667,0.500,
8445,11,中環碼頭,大坑徑,CTB-11-I,渣甸山,中環碼頭,swapped,1.000,0.000,0.500,
8446,11,中環碼頭,大坑徑(上課日加開班次),CTB-11-I,渣甸山,中環碼頭,swapped,1.000,0.000,0.500,
8428,N796,尖沙咀東(漆咸道南),日出康城,CTB-N796-I,旺角 (經尖沙咀),日出康城,forward,0.000,1.000,0.500,
8501,18X,柴灣站,堅尼地城(卑路乍灣),CTB-18X-I,堅尼地城 (卑路乍灣),筲箕灣,swapped,0.000,1.000,0.500,
8545,N796,日出康城,尖沙咀(循環線),CTB-N796-I,旺角 (經尖沙咀),日出康城,swapped,1.000,0.000,0.500,
8582,30X,中環(交易廣場),數碼港,CTB-30X-I,金鐘(東),數碼港,forward,0.000,1.000,0.500,
8555,952C,鰂魚涌,掃管笏,CTB-952C-I,太古 (康怡廣場),掃管笏,forward,0.000,1.000,0.500,
8588,73,赤柱監獄,華富(北),CTB-73-I,赤柱市場,數碼港／華富 (北),forward,0.500,0.500,0.500,
8589,73,赤柱監獄,數碼港,CTB-73-I,赤柱市場,數碼港／華富 (北),forward,0.500,0.500,0.500,
8623,2A,耀東邨,銅鑼灣(希慎廣場),CTB-2A-I,會展站,耀東邨,swapped,1.000,0.000,0.500,
8706,S52A,東涌北,飛機維修區,CTB-S52A-I,飛機維修區,裕雅苑,swapped,0.000,1.000,0.500,
8715,970,數碼港,旺角 (弼街),CTB-970-I,蘇屋邨,數碼港,swapped,1.000,0.000,0.500,
1000009,952P,掃管笏,銅鑼灣 (摩頓台),CTB-952P-O,屯門 (置樂花園),銅鑼灣 (摩頓台),forward,0.000,1.000,0.500,
8793,970X,香港仔,旺角,CTB-970X-I,長沙灣 (甘泉街),香港仔,swapped,1.000,0.000,0.500,
8795,797,日出康城 / 將軍澳工業邨,新蒲崗 (循環線),CTB-797-I,啟德,日出康城／將軍澳工業邨,swapped,1.000,0.000,0.500,
1000073,82X,健康村,小西灣 (藍灣半島),CTB-82X-I,鰂魚涌,小西灣 (藍灣半島),forward,0.000,1.000,0.500,
1000249,952P,黃金海岸,銅鑼灣(摩頓台),CTB-952P-O,屯門 (置樂花園),銅鑼灣 (摩頓台),forward,0.000,1.000,0.500,
1000254,13,旭龢道,金鐘 (添馬街)(不經雪廠街),CTB-13-I,旭龢道 (半山區),金鐘 (添馬街),forward,0.500,0.500,0.500,
1000263,91,海怡半島(第18座),中環碼頭,CTB-91-I,中環碼頭,鴨脷洲邨,swapped,0.000,1.000,0.500,
1000257,8X,小西灣(藍灣半島),摩頓台,CTB-8X-I,跑馬地 (上),小西灣 (藍灣半島),swapped,1.000,0.000,0.500,
1000258,8X,維多利亞公園,小西灣(藍灣半島),CTB-8X-I,跑馬地 (上),小西灣 (藍灣半島),forward,0.000,1.000,0.500,
1000350,8P,小西灣(藍灣半島),銅鑼灣 (希慎廣場),CTB-8P-I,會展站,小西灣 (藍灣半島),swapped,1.000,0.000,0.500,
1000381,73,赤柱市場,黃竹坑體育館(短途班次),CTB-73-I,赤柱市場,數碼港／華富 (北),forward,1.000,0.000,0.500,
1000513,962P,業旺邨,銅鑼灣(摩頓台),CTB-962P-O,屯門 (龍門居),銅鑼灣 (摩頓台),forward,0.000,1.000,0.500,
1000595,N8,杏花邨 (城巴創富道車廠),康怡廣場,CTB-N8-I,鰂魚涌,杏花邨 (城巴創富道車廠),swapped,1.000,0.000,0.500,
1000650,979,北角碼頭,粉嶺皇后山,CTB-979-I,中環 (香港站),粉嶺皇后山,forward,0.000,1.000,0.500,
1000596,N8,康怡廣場,杏花邨 (城巴創富道車廠),CTB-N8-I,鰂魚涌,杏花邨 (城巴創富道車廠),forward,0.000,1.000,0.500,
8477,973,尖沙咀東(麼地道),赤柱(經西九文化區及海洋公園),CTB-973-I,赤柱市場,尖沙咀 (麼地道),swapped,0.857,0.154,0.505,
1652,95C,鴨脷洲邨,置富花園(循環線),CTB-95C-I,置富花園,鴨脷洲邨 / 利南工業區,swapped,0.444,0.571,0.508,
1000662,798X,火炭 (駿洋邨),將軍澳工業邨(經香港中醫醫院班次),CTB-798X-I,火炭 (駿洋邨) (經:沙田),將軍澳工業邨,forward,0.625,0.400,0.512,
1000497,95C,鴨脷洲(利南道工業區),置富花園(循環線)(以鴨脷洲邨為終點),CTB-95C-I,置富花園,鴨脷洲邨 / 利南工業區,swapped,0.778,0.267,0.522,
1557,5B,摩星嶺,香港大球場,CTB-5B-I,銅鑼灣／香港大球場,摩星嶺／堅尼地城,swapped,0.429,0.625,0.527,
1750,12,中環(中環渡輪碼頭3號),羅便臣道/柏道(循環線),CTB-12-I,羅便臣道／柏道,中環3號碼頭,swapped,0.400,0.667,0.533,
1000278,76,黃竹坑站,銅鑼灣(邊寧頓街)(上課日加開班次),CTB-76-I,銅鑼灣 (邊寧頓街),黃竹坑站／石排灣,swapped,0.571,0.500,0.536,
1000609,H4,赤柱村 / 赤柱市集,香港摩天輪 / 中環碼頭 - 天星小輪,CTB-H4-O,赤柱村／赤柱市集,中環碼頭 -香港摩天輪 ．落日飛車,forward,1.000,0.077,0.538,
1000360,A25,啟德,機場(經尖沙咀及港珠澳大橋香港口岸),CTB-A25-I,機場 (經港珠澳大橋香港口岸),啟德 (經尖沙咀),swapped,0.333,0.750,0.542,
1000378,25,中環 (3 號碼頭),寶馬山(循環線)(經中環天星碼頭),CTB-25-I,寶馬山,中環 (3 / 5 號碼頭),swapped,0.857,0.231,0.544,
8476,973,赤柱,尖沙咀東(麼地道)(經深灣),CTB-973-I,赤柱市場,尖沙咀 (麼地道),forward,0.500,0.600,0.550,
8584,6,赤柱監獄,中環(交易廣場)(不經馬坑),CTB-6-I,赤柱市場,中環 (交易廣場),forward,0.500,0.600,0.550,
1000275,25,中環 (3 號碼頭),炮台山道,CTB-25-I,寶馬山,中環 (3 / 5 號碼頭),swapped,0.857,0.250,0.554,
1000236,973,尖沙咀東(麼地道),赤柱(經西九文化區),CTB-973-I,赤柱市場,尖沙咀 (麼地道),swapped,0.857,0.250,0.554,
1000339,B7,上水(寶運路),香園圍口岸,CTB-B7-I,香園圍口岸 (經粉嶺站),上水 (寶運路) (經粉嶺站),swapped,0.556,0.556,0.556,
1000340,B8,大圍站,香園圍口岸,CTB-B8-I,香園圍口岸 (經大埔),大圍站 (經大埔),swapped,0.500,0.625,0.563,
1000536,79,粉嶺皇后山,大圍站,CTB-79-I,大圍站 (經:大埔),粉嶺皇后山 (經:大埔),swapped,0.625,0.500,0.563,
1608,76,石排灣,銅鑼灣(邊寧頓街)(循環線),CTB-76-I,銅鑼灣 (邊寧頓街),黃竹坑站／石排灣,swapped,0.429,0.700,0.564,
8108,14,嘉亨灣,赤柱廣場 (循環線)(經赤柱村、赤柱炮台),CTB-14-I,赤柱炮台 (閘口)／馬坑,嘉亨灣,swapped,1.000,0.133,0.567,
1495,11,中環碼頭,渣甸山(循環線)(星期日及公眾假期班次，不經雪廠街),CTB-11-I,渣甸山,中環碼頭,swapped,1.000,0.143,0.571,
1000230,1M,會展站,黃泥涌峽(循環線),CTB-1M-I,跑馬地／黃泥涌峽,會展站,swapped,1.000,0.143,0.571,
1000500,582,白石角,西沙GO PARK(循環線),CTB-582-I,西沙GO PARK / 西沙灣,白石角 (經大學站),swapped,0.429,0.727,0.578,
1576,66,中環(交易廣場),馬坑邨,CTB-66-I,赤柱廣場 (馬坑),中環 (交易廣場),swapped,1.000,0.167,0.583,
1671,A10,鴨脷洲 (利樂街),機場(地面運輸中心),CTB-A10-I,機場 (經港珠澳大橋香港口岸),鴨脷洲 (利樂街),swapped,1.000,0.167,0.583,
1672,A11,北角碼頭,機場(地面運輸中心),CTB-A11-I,機場 (經港珠澳大橋香港口岸),北角碼頭,swapped,1.000,0.167,0.583,
1673,A21,紅磡站,機場(地面運輸中心),CTB-A21-I,機場 (經港珠澳大橋香港口岸),紅磡站,swapped,1.000,0.167,0.583,
1805,A12,小西灣(藍灣半島),機場,CTB-A12-I,機場 (經港珠澳大橋香港口岸),小西灣 (藍灣半島),swapped,1.000,0.167,0.583,
1807,A22,藍田站,機場(地面運輸中心),CTB-A22-I,機場 (經港珠澳大橋香港口岸),藍田站,swapped,1.000,0.167,0.583,
1808,A22,藍田站,機場(地面運輸中心)(經國泰城),CTB-A22-I,機場 (經港珠澳大橋香港口岸),藍田站,swapped,1.000,0.167,0.583,
1891,4X,上環,華富(南),CTB-4X-I,中環 (交易廣場),華富 (南),forward,0.167,1.000,0.583,
8118,702S,海盈邨,蘇屋邨,CTB-702S-I,泓景臺／富昌邨,蘇屋邨,forward,0.167,1.000,0.583,
8754,S52,飛機維修區,東涌站(不經國泰城及貨運區),CTB-S52-I,飛機維修區,東涌 (逸東邨),forward,1.000,0.167,0.583,
8751,A23,慈雲山 (北),機場,CTB-A23-I,機場 (經港珠澳大橋香港口岸),慈雲山 (北),swapped,1.000,0.167,0.583,
1000054,969,天恩邨,銅鑼灣(摩頓台),CTB-969-I,銅鑼灣 (摩頓台),天水圍市中心,swapped,0.167,1.000,0.583,
1000459,A26,油塘,機場,CTB-A26-I,機場 (經港珠澳大橋香港口岸),油塘,swapped,1.000,0.167,0.583,
1000455,A28,日出康城,機場,CTB-A28-I,機場 (經港珠澳大橋香港口岸),日出康城,swapped,1.000,0.167,0.583,
1000665,A28X,將軍澳站,機場,CTB-A28X-O,將軍澳站,機場 (經港珠澳大橋香港口岸),forward,1.000,0.167,0.583,
1596,702,海麗邨,九龍塘 (又一城)(循環線),CTB-702-I,九龍塘 (又一城),海麗邨／南昌站,swapped,0.500,0.667,0.583,
8583,6,赤柱監獄,中環(交易廣場)(經馬坑),CTB-6-I,赤柱市場,中環 (交易廣場),forward,0.500,0.667,0.583,
1000052,969C,天水圍市中心,太古 (康怡廣場)(經天耀),CTB-969C-I,太古 (康怡廣場),天水圍 (天瑞邨),swapped,0.500,0.667,0.583,
1000241,50M,和田邨,屯門站(循環線),CTB-50M-I,屯門站,菁田邨,swapped,0.667,0.500,0.583,
1000682,S56,東涌站巴士總站,機場(客運大樓),CTB-S56-O,東涌站,機場 (一號客運大樓),forward,0.429,0.750,0.589,
1516,18,北角(健康中街),上環,CTB-18-I,堅尼地城 (卑路乍灣)／上環,北角 (健康中街),swapped,1.000,0.200,0.600,
1537,37A,置富花園,金鐘(循環線),CTB-37A-O,置富花園,中環,forward,1.000,0.200,0.600,
8487,9,筲箕灣,石澳(不經鶴咀及大浪灣),CTB-9-I,石澳,筲箕灣,swapped,1.000,0.200,0.600,
8488,9,筲箕灣,"石澳(經大浪灣, 不經鶴咀)",CTB-9-I,石澳,筲箕灣,swapped,1.000,0.200,0.600,
1000256,793,將軍澳工業邨,蘇屋(經消防及救護學院),CTB-793-I,蘇屋,將軍澳工業邨,swapped,1.000,0.200,0.600,
1895,S52P,東涌(逸東邨公共運輸總站),駿坪路(亞洲空運中心)(循環線),CTB-S52P-O,東涌 (逸東邨),駿坪路 (亞洲空運中心),forward,0.455,0.750,0.602,
8113,14,嘉亨灣,赤柱廣場(循環線)(經赤柱村、赤柱炮台、赤柱監獄),CTB-14-I,赤柱炮台 (閘口)／馬坑,嘉亨灣,swapped,1.000,0.211,0.605,
1686,722,耀東邨,中環(交易廣場)(循環線),CTB-722-I,中環碼頭,耀東邨,swapped,1.000,0.222,0.611,
1775,720,嘉亨灣,中環 (永和街)(循環線),CTB-720-I,中環 (港澳碼頭 / 永和街),嘉亨灣,swapped,1.000,0.222,0.611,
8486,9,筲箕灣,石澳(經鶴咀及大浪灣),CTB-9-I,石澳,筲箕灣,swapped,1.000,0.222,0.611,
1000089,608P,小西灣(藍灣半島),啟德(AIRSIDE),CTB-608P-I,啟德,小西灣 (藍灣半島),swapped,1.000,0.222,0.611,
1806,A12,小西灣(藍灣半島),機場(經西環/國泰城/民航處總部),CTB-A12-I,機場 (經港珠澳大橋香港口岸),小西灣 (藍灣半島),swapped,1.000,0.231,0.615,
1601,71P,深灣公共交通總站,中環碼頭,CTB-71P-O,深灣,中環碼頭,forward,0.250,1.000,0.625,
1604,72A,深灣公共交通總站,銅鑼灣(摩頓台),CTB-72A-I,銅鑼灣 (摩頓台),深灣,swapped,0.250,1.000,0.625,
1743,15,中環(中環渡輪碼頭),山頂,CTB-15-I,山頂,中環,swapped,0.250,1.000,0.625,
8112,14,嘉亨灣,赤柱監獄(經赤柱村),CTB-14-I,赤柱炮台 (閘口)／馬坑,嘉亨灣,swapped,1.000,0.250,0.625,
8427,A20,紅磡站,機場(地面運輸中心),CTB-A20-I,機場,紅磡站,swapped,1.000,0.250,0.625,
8483,12A,金鐘(添馬街),麥當奴道(循環線)(不經遮打道),CTB-12A-O,金鐘 (添馬街),麥當勞道,forward,1.000,0.250,0.625,
1000079,A29,將軍澳(寶琳),機場(經博覽館),CTB-A29-I,機場 (經港珠澳大橋香港口岸),將軍澳 (寶琳),swapped,1.000,0.250,0.625,
1000264,91,利東邨,中環碼頭,CTB-91-I,中環碼頭,鴨脷洲邨,swapped,0.250,1.000,0.625,
1000460,A26,油塘,機場(經航天城東路),CTB-A26-I,機場 (經港珠澳大橋香港口岸),油塘,swapped,1.000,0.250,0.625,
1000462,A26,油塘,機場(經國泰城),CTB-A26-I,機場 (經港珠澳大橋香港口岸),油塘,swapped,1.000,0.250,0.625,
1000463,A26,油塘,機場(經國泰城及航天城東路),CTB-A26-I,機場 (經港珠澳大橋香港口岸),油塘,swapped,1.000,0.250,0.625,
1000456,A28,日出康城,機場(經國泰城),CTB-A28-I,機場 (經港珠澳大橋香港口岸),日出康城,swapped,1.000,0.250,0.625,
1000457,A28,日出康城,機場(經國泰城及航天城東路),CTB-A28-I,機場 (經港珠澳大橋香港口岸),日出康城,swapped,1.000,0.250,0.625,
1000603,580,西沙GO PARK,沙田市中心,CTB-580-I,沙田市中心,西沙灣,swapped,0.250,1.000,0.625,
1000655,587,西沙GO PARK,尖沙咀(麼地道),CTB-587-I,尖沙咀(麼地道),西沙灣(經:大圍),swapped,0.250,1.000,0.625,
1000204,930B,葵盛圍,銅鑼灣(摩頓台)(不經葵芳),CTB-930B-O,葵盛 (東),銅鑼灣 (摩頓台),forward,0.667,0.600,0.633,
1000274,76,黃竹坑站,銅鑼灣(邊寧頓街)(循環線),CTB-76-I,銅鑼灣 (邊寧頓街),黃竹坑站／石排灣,swapped,0.571,0.700,0.636,
8581,4,中環,黃竹坑(星期日及假期班次),CTB-4-I,中環,黃竹坑／華富 (南),forward,1.000,0.273,0.636,
1000398,788,小西灣(藍灣半島),中環(港澳碼頭)(不停富景花園，曉翠街及國際調解院),CTB-788-I,中環 (港澳碼頭),小西灣 (藍灣半島),swapped,1.000,0.286,0.643,
8636,B5,港珠澳大橋香港口岸,欣澳站(不經迪士尼樂園),CTB-B5-I,欣澳站,港珠澳大橋香港口岸,swapped,1.000,0.300,0.650,
1000343,94A,華富(中),利東邨(利東街市為終站),CTB-94A-I,利東邨,華富 (中),swapped,1.000,0.300,0.650,
1511,15C,中環 (香港摩天輪),花園道(山頂纜車總站),CTB-15C-I,花園道,中環 (香港摩天輪),swapped,1.000,0.333,0.667,
1534,314,小西灣(藍灣半島),赤柱(循環線),CTB-314-I,赤柱 (海灘／市場),小西灣 (藍灣半島),swapped,1.000,0.333,0.667,
1594,70,華貴,中環(交易廣場),CTB-70-I,中環 (交易廣場),華貴 (經:香港仔),swapped,0.333,1.000,0.667,
1744,15,中環(交易廣場),山頂,CTB-15-I,山頂,中環,swapped,0.333,1.000,0.667,
8161,952,屯門(置樂花園),金鐘(西),CTB-952-I,銅鑼灣 (摩頓台)／金鐘 (西),屯門 (置樂花園),swapped,1.000,0.333,0.667,
8221,H2,尖沙咀,中環 (天星碼頭),CTB-H2-I,尖沙咀,中環碼頭-天星小輪 ．落日飛車,forward,1.000,0.333,0.667,
8257,4X,華富(南),中環,CTB-4X-I,中環 (交易廣場),華富 (南),swapped,1.000,0.333,0.667,
8419,722,耀東邨,中環(交易廣場),CTB-722-I,中環碼頭,耀東邨,swapped,1.000,0.333,0.667,
8490,682B,水泉澳邨,柴灣(東)(經沙田第一城),CTB-682B-I,柴灣 (東),水泉澳邨,swapped,1.000,0.333,0.667,
8609,26,勵德邨,荷李活道(循環線)(不經遮打道),CTB-26-I,荷李活道,勵德邨,swapped,1.000,0.333,0.667,
1000293,967,天水圍(天恩邨),金鐘站(西)(不停美湖居),CTB-967-I,金鐘 (西),天水圍 (天恩邨),swapped,1.000,0.333,0.667,
1000349,8P,小西灣(藍灣半島),會展站(不停富景花園),CTB-8P-I,會展站,小西灣 (藍灣半島),swapped,1.000,0.333,0.667,
1000405,20A,高鐵西九龍站,啟德郵輪碼頭,CTB-20A-I,高鐵西九龍站 (經:旺角),啟德郵輪碼頭 (經:旺角),forward,0.667,0.667,0.667,
1000395,789,小西灣(藍灣半島),金鐘(樂禮街)(不停富景花園及曉翠街),CTB-789-I,金鐘 (樂禮街),小西灣 (藍灣半島),swapped,1.000,0.333,0.667,
1000485,78P,粉嶺皇后山,觀塘 (鯉魚門道),CTB-78P-O,粉嶺皇后山,觀塘,forward,1.000,0.333,0.667,
1000637,B3A,深圳灣口岸,富泰邨,CTB-B3A-I,深圳灣口岸,山景邨,forward,1.000,0.333,0.667,
1000493,95C,鴨脷洲(利南道工業區),置富花園(循環線),CTB-95C-I,置富花園,鴨脷洲邨 / 利南工業區,swapped,0.778,0.571,0.675,
8266,930X,銅鑼灣 (摩頓台),荃灣 (愉景新城)(銅鑼灣方向途經如心廣場),CTB-930X-I,銅鑼灣 (摩頓台),荃灣 (愉景新城),forward,1.000,0.353,0.676,
1000399,788,小西灣(藍灣半島),中環(港澳碼頭)(不停曉翠街及國際調解院),CTB-788-I,中環 (港澳碼頭),小西灣 (藍灣半島),swapped,1.000,0.353,0.676,
1522,25,中環 (3 號碼頭),寶馬山(循環線),CTB-25-I,寶馬山,中環 (3 / 5 號碼頭),swapped,0.857,0.500,0.679,
1667,973,尖沙咀東(麼地道),赤柱,CTB-973-I,赤柱市場,尖沙咀 (麼地道),swapped,0.857,0.500,0.679,
8111,14,嘉亨灣,赤柱砲台(閘口)(經赤柱村、赤柱監獄),CTB-14-I,赤柱炮台 (閘口)／馬坑,嘉亨灣,swapped,1.000,0.357,0.679,
8654,720P,太古城,中環(永和街)(以永和街為終點班次),CTB-720P-I,中環 (永和街),太古城,swapped,1.000,0.357,0.679,
8752,S52,東涌 (逸東邨),飛機維修區(不經國泰城及貨運區),CTB-S52-I,飛機維修區,東涌 (逸東邨),swapped,1.000,0.357,0.679,
1000281,720,嘉亨灣,中環 (永和街)(以永和街為終點班次),CTB-720-I,中環 (港澳碼頭 / 永和街),嘉亨灣,swapped,1.000,0.357,0.679,
1740,6,中環(交易廣場),赤柱市場(經舂磡角及馬坑),CTB-6-I,赤柱市場,中環 (交易廣場),swapped,1.000,0.364,0.682,
8110,14,嘉亨灣,赤柱廣場(晨早班次經馬坑),CTB-14-I,赤柱炮台 (閘口)／馬坑,嘉亨灣,swapped,1.000,0.364,0.682,
8484,12A,金鐘(添馬街),麥當勞道(循環線)(不經中環),CTB-12A-O,金鐘 (添馬街),麥當勞道,forward,1.000,0.364,0.682,
1000307,42,華富(南),北角碼頭(經黃竹坑道天橋),CTB-42-I,北角碼頭,華富 (南),swapped,1.000,0.364,0.682,
1000406,20A,高鐵西九龍站,啟德郵輪碼頭(經沐安街),CTB-20A-I,高鐵西九龍站 (經:旺角),啟德郵輪碼頭 (經:旺角),forward,0.667,0.700,0.683,
1663,969X,天水圍市中心,銅鑼灣(禮頓中心),CTB-969X-O,天水圍市中心,銅鑼灣 (經天水圍南),forward,1.000,0.375,0.688,
8653,99,海怡半島,筲箕灣(不經海怡路),CTB-99-I,筲箕灣,海怡半島,swapped,1.000,0.375,0.688,
8684,40M,華富(北),會展站(不經遮打道),CTB-40M-O,華富 (北),會展站,forward,1.000,0.375,0.688,
1000053,967X,銅鑼灣(摩頓台),天水圍(天恩邨),CTB-967X-I,銅鑼灣 (經天水圍北),天水圍 (天恩邨),forward,0.375,1.000,0.688,
1508,12M,金鐘(添馬街),柏道(循環線),CTB-12M-O,金鐘 (添馬街),柏道,forward,1.000,0.400,0.700,
1897,930A,荃灣西站/荃灣(愉景新城),會展站,CTB-930A-I,會展站,荃灣西站,swapped,0.400,1.000,0.700,
8360,930,會展站,荃灣西站,CTB-930-I,會展站,荃灣 (愉景新城／荃灣西站),forward,1.000,0.400,0.700,
8667,930,荃灣西站,會展站,CTB-930-I,會展站,荃灣 (愉景新城／荃灣西站),swapped,0.400,1.000,0.700,
8687,962C,屯門(三聖),太古(康怡廣場),CTB-962C-I,太古 (康怡廣場),屯門 (龍門居),swapped,0.400,1.000,0.700,
8691,701A,海盈邨,旺角(循環線),CTB-701A-I,旺角,海盈邨,swapped,1.000,0.400,0.700,
1000061,969,天水圍市中心,銅鑼灣(摩頓台)(不經美湖居及景湖居),CTB-969-I,銅鑼灣 (摩頓台),天水圍市中心,swapped,1.000,0.400,0.700,
1000198,78X,粉嶺皇后山,啟德,CTB-78X-O,粉嶺皇后山,啟德 (經: 觀塘),forward,1.000,0.400,0.700,
1000402,78C,粉嶺皇后山,啟德,CTB-78C-I,啟德 (經: 觀塘),粉嶺皇后山,swapped,1.000,0.400,0.700,
1000397,788,小西灣(藍灣半島),中環(港澳碼頭)(不停富景花園，經金鐘),CTB-788-I,中環 (港澳碼頭),小西灣 (藍灣半島),swapped,1.000,0.400,0.700,
1000648,55,屯門 (菁田及和田),觀塘碼頭(經觀塘道班次),CTB-55-I,觀塘碼頭,屯門 (菁田及和田),swapped,1.000,0.400,0.700,
1000608,H3,中環 (香港摩天輪),赤柱村 / 赤柱市集,CTB-H3-O,中環碼頭 -香港摩天輪,赤柱村／赤柱市集  ．落日飛車,forward,0.778,0.636,0.707,
1507,12A,金鐘(添馬街),麥當奴道(循環線),CTB-12A-O,金鐘 (添馬街),麥當勞道,forward,1.000,0.429,0.714,
1553,85P,小西灣 (富欣花園),寶馬山,CTB-85P-I,寶馬山,小西灣 (藍灣半島),swapped,0.429,1.000,0.714,
1556,595,海怡半島,石排灣 (循環線),CTB-595-I,石排灣 (經香港仔),海怡半島,swapped,1.000,0.429,0.714,
1956,70P,石排灣,中環(交易廣場),CTB-70P-I,中環 (交易廣場),石排灣 (經:香港仔),swapped,0.429,1.000,0.714,
8279,E11A,天后站,航天城,CTB-E11A-I,航天城 (經東涌北),天后站,swapped,1.000,0.429,0.714,
8447,11,中環碼頭,渣甸山(深夜班次),CTB-11-I,渣甸山,中環碼頭,swapped,1.000,0.429,0.714,
8785,608,馬頭圍邨,筲箕灣(經啟福道),CTB-608-I,筲箕灣,馬頭圍邨,swapped,1.000,0.429,0.714,
1000262,E21D,航天城,大角咀(維港灣),CTB-E21D-I,航天城 (經:東涌北),大角咀 (維港灣),forward,0.429,1.000,0.714,
1764,41A,華富(中),北角碼頭(途經寶馬山),CTB-41A-I,北角碼頭,華富 (中),swapped,1.000,0.444,0.722,
8271,7,石排灣,中環碼頭(經置富花園),CTB-7-I,中環碼頭,石排灣,swapped,1.000,0.444,0.722,
1000295,10,堅尼地城,北角碼頭(不經遮打道),CTB-10-I,北角碼頭,堅尼地城,swapped,1.000,0.444,0.722,
1000346,5X,銅鑼灣(威非路道),堅尼地城(不經雪廠街),CTB-5X-I,銅鑼灣 (威非路道),堅尼地城,forward,1.000,0.444,0.722,
1000326,1,中環 (港澳碼頭),跑馬地(上)(不經遮打道),CTB-1-I,跑馬地 (上),中環 (港澳碼頭),swapped,1.000,0.444,0.722,
8330,789,小西灣(藍灣半島),金鐘(樂禮街)(不停富景花園),CTB-789-I,金鐘 (樂禮街),小西灣 (藍灣半島),swapped,1.000,0.455,0.727,
1000279,720A,嘉亨灣,中環 (畢打街),CTB-720A-O,嘉亨灣,金鐘 (海富中心)/ 中環(畢打街),forward,1.000,0.455,0.727,
1000523,NA21,港珠澳大橋香港口岸,大角咀 (海輝道) (循環線),CTB-NA21-I,大角咀 (海輝道),機場 / 港珠澳大橋香港口岸,swapped,0.818,0.667,0.742,
1509,13,金鐘 (添馬街),旭龢道,CTB-13-I,旭龢道 (半山區),金鐘 (添馬街),swapped,1.000,0.500,0.750,
1523,25A,會展站,寶馬山(循環線),CTB-25A-I,寶馬山,會展站,swapped,1.000,0.500,0.750,
1527,27,北角碼頭,寶馬山(循環線),CTB-27-I,寶馬山,北角碼頭,swapped,1.000,0.500,0.750,
1540,38,置富花園,北角碼頭(不經華富),CTB-38-I,北角碼頭,置富花園,swapped,1.000,0.500,0.750,
1545,4,華富(南),中環,CTB-4-I,中環,黃竹坑／華富 (南),swapped,0.500,1.000,0.750,
1550,47P,堅尼地城 (卑路乍灣),黃竹坑,CTB-47P-O,堅尼地城,黃竹坑,forward,0.500,1.000,0.750,
1605,73,數碼港,赤柱市場,CTB-73-I,赤柱市場,數碼港／華富 (北),swapped,0.500,1.000,0.750,
1610,78,黃竹坑,華貴邨(循環線),CTB-78-I,華貴邨,黃竹坑,swapped,1.000,0.500,0.750,
1611,780,柴灣(東),中環(中環渡輪碼頭),CTB-780-I,中環碼頭,柴灣 (東),swapped,1.000,0.500,0.750,
1631,85,小西灣(藍灣半島),寶馬山(循環線),CTB-85-I,寶馬山／北角,小西灣 (藍灣半島),swapped,1.000,0.500,0.750,
1650,94A,華富(中),利東邨(循環線),CTB-94A-I,利東邨,華富 (中),swapped,1.000,0.500,0.750,
1741,14,嘉亨灣,赤柱砲台 (閘口)(經赤柱村),CTB-14-I,赤柱炮台 (閘口)／馬坑,嘉亨灣,swapped,1.000,0.500,0.750,
1786,93,鴨脷洲邨,羅便臣道,CTB-93-O,海怡半島／鴨脷洲邨,羅便臣道,forward,0.500,1.000,0.750,
1787,93,海怡半島,羅便臣道,CTB-93-O,海怡半島／鴨脷洲邨,羅便臣道,forward,0.500,1.000,0.750,
8043,77X,華貴邨,西灣河(太康街),CTB-77X-O,華貴邨,西灣河,forward,1.000,0.500,0.750,
8102,99X,海怡半島,西灣河(太康街),CTB-99X-O,海怡半島,西灣河,forward,1.000,0.500,0.750,
8109,6,中環(交易廣場),赤柱市場(不經馬坑),CTB-6-I,赤柱市場,中環 (交易廣場),swapped,1.000,0.500,0.750,
8143,B3M,深圳灣口岸,屯門站(循環線),CTB-B3M-O,深圳灣口岸,屯門站,forward,1.000,0.500,0.750,
8383,82,北角碼頭,小西灣(藍灣半島)(經柴灣東工業區),CTB-82-I,北角碼頭,小西灣 (藍灣半島),forward,1.000,0.500,0.750,
8455,592,海怡半島,銅鑼灣(摩頓台)(經黃竹坑天橋),CTB-592-I,銅鑼灣 (摩頓台),海怡半島,swapped,1.000,0.500,0.750,
8475,969C,天水圍 (美湖居),太古 (康怡廣場),CTB-969C-I,太古 (康怡廣場),天水圍 (天瑞邨),swapped,0.500,1.000,0.750,
8586,6X,赤柱監獄,中環(交易廣場),CTB-6X-I,赤柱市場,中環 (交易廣場),forward,0.500,1.000,0.750,
8580,4,中環,華富(南),CTB-4-I,中環,黃竹坑／華富 (南),forward,1.000,0.500,0.750,
8587,73,華富(北),赤柱市場,CTB-73-I,赤柱市場,數碼港／華富 (北),swapped,0.500,1.000,0.750,
8590,260,赤柱監獄,中環(交易廣場),CTB-260-I,赤柱市場,中環 (交易廣場),forward,0.500,1.000,0.750,
8594,63,赤柱監獄,北角碼頭,CTB-63-I,赤柱市場,北角碼頭,forward,0.500,1.000,0.750,
8596,788,小西灣(藍灣半島),中環(港澳碼頭)(不經富景花園),CTB-788-I,中環 (港澳碼頭),小西灣 (藍灣半島),swapped,1.000,0.500,0.750,
8678,720X,西灣河(嘉亨灣),中環(林士街),CTB-720X-O,嘉亨灣,中環(林士街),forward,0.500,1.000,0.750,
8688,969B,天水圍站,灣仔,CTB-969B-I,灣仔,天水圍市中心,swapped,0.500,1.000,0.750,
8700,X15,中環(中環6號碼頭),山頂,CTB-X15-I,山頂,中環 (天星碼頭),swapped,0.500,1.000,0.750,
8666,E23A,慈雲山(南),機場(地面運輸中心)(經東涌北),CTB-E23A-I,機場 (經東涌北),慈雲山 (南),swapped,1.000,0.500,0.750,
8765,22M,啟德郵輪碼頭,土瓜灣(循環線),CTB-22M-I,土瓜灣,啟德郵輪碼頭,swapped,1.000,0.500,0.750,
8782,702B,白田 (北),海盈邨 (循環線),CTB-702B-I,海盈邨,白田 (北),swapped,1.000,0.500,0.750,
8784,N20,維港灣,啟德 (沐安街),CTB-N20-O,大角咀 (維港灣),啟德 (沐安街),forward,0.500,1.000,0.750,
8792,970X,長沙灣 (甘泉街),香港仔(經華富),CTB-970X-I,長沙灣 (甘泉街),香港仔,forward,1.000,0.500,0.750,
1000082,6X,赤柱炮台,中環 (交易廣場),CTB-6X-I,赤柱市場,中環 (交易廣場),forward,0.500,1.000,0.750,
1000083,4,黃竹坑,中環,CTB-4-I,中環,黃竹坑／華富 (南),swapped,0.500,1.000,0.750,
1000084,4,中環,黃竹坑,CTB-4-I,中環,黃竹坑／華富 (南),forward,1.000,0.500,0.750,
1000205,930X,荃灣 (愉景新城),銅鑼灣 (摩頓台)(不停如心廣場),CTB-930X-I,銅鑼灣 (摩頓台),荃灣 (愉景新城),swapped,1.000,0.500,0.750,
1000276,11,中環碼頭,渣甸山(循環線),CTB-11-I,渣甸山,中環碼頭,swapped,1.000,0.500,0.750,
1000308,22X,維港1號,啟德站 (循環線),CTB-22X-I,啟德站,維港1號,swapped,1.000,0.500,0.750,
1000312,790,清水灣半島,尖沙咀(麼地道),CTB-790-I,尖沙咀(麼地道),清水灣半島 (經:日出康城),swapped,0.500,1.000,0.750,
1000344,20,長沙灣(海達),啟德(沐安街)(不停廣東道),CTB-20-I,長沙灣 (海達),啟德 (沐安街),forward,1.000,0.500,0.750,
1000396,789,小西灣(藍灣半島),金鐘(樂禮街)(不停曉翠街),CTB-789-I,金鐘 (樂禮街),小西灣 (藍灣半島),swapped,1.000,0.500,0.750,
1000594,N8,杏花邨 (城巴創富道車廠),鰂魚涌(循環線),CTB-N8-I,鰂魚涌,杏花邨 (城巴創富道車廠),swapped,1.000,0.500,0.750,
8597,788,中環(港澳碼頭),小西灣(藍灣半島)(不經灣仔碼頭),CTB-788-I,中環 (港澳碼頭),小西灣 (藍灣半島),forward,1.000,0.538,0.769,
1777,720A,嘉亨灣,金鐘 (海富中心),CTB-720A-O,嘉亨灣,金鐘 (海富中心)/ 中環(畢打街),forward,1.000,0.545,0.773,
1000313,795,將軍澳工業邨,長沙灣(海達),CTB-795-I,長沙灣 (海達),將軍澳工業邨 (經:日出康城),swapped,0.545,1.000,0.773,
1000248,962,銅鑼灣(摩頓台),屯門(龍門居)(經掃管笏),CTB-962-I,銅鑼灣 (摩頓台),屯門 (龍門居),forward,1.000,0.556,0.778,
1525,26,勵德邨,荷李活道(循環線),CTB-26-I,荷李活道,勵德邨,swapped,1.000,0.571,0.786,
1619,796S,將軍澳站,牛頭角站(循環線),CTB-796S-I,牛頭角站,將軍澳站,swapped,1.000,0.571,0.786,
1687,722,耀東邨,中環碼頭(循環線),CTB-722-I,中環碼頭,耀東邨,swapped,1.000,0.571,0.786,
1739,6,中環(交易廣場),赤柱市場(經馬坑),CTB-6-I,赤柱市場,中環 (交易廣場),swapped,1.000,0.571,0.786,
8206,682,柴灣(東),烏溪沙站,CTB-682-I,馬鞍山 (烏溪沙站),柴灣 (東),swapped,1.000,0.571,0.786,
8270,7,石排灣,中環碼頭(經華富),CTB-7-I,中環碼頭,石排灣,swapped,1.000,0.571,0.786,
1000304,38,置富花園,北角碼頭(經華富),CTB-38-I,北角碼頭,置富花園,swapped,1.000,0.571,0.786,
1000419,B3,深圳灣口岸,屯門碼頭(停紅橋),CTB-B3-I,深圳灣口岸,屯門碼頭,forward,1.000,0.571,0.786,
1638,90,鴨脷洲邨,中環(交易廣場)(不經利東),CTB-90-I,中環 (交易廣場),鴨脷洲邨,swapped,1.000,0.600,0.800,
1627,81A,柴灣(興華邨),勵德邨,CTB-81A-I,勵德邨,興華邨,swapped,0.600,1.000,0.800,
1646,930,會展站,荃灣(愉景新城),CTB-930-I,會展站,荃灣 (愉景新城／荃灣西站),forward,1.000,0.600,0.800,
8598,788,小西灣(藍灣半島),中環(港澳碼頭)(途經金鐘),CTB-788-I,中環 (港澳碼頭),小西灣 (藍灣半島),swapped,1.000,0.600,0.800,
1000547,85,寶馬山,小西灣(藍灣半島),CTB-85-I,寶馬山／北角,小西灣 (藍灣半島),forward,0.600,1.000,0.800,
1603,720P,太古城,中環(永和街)(循環線),CTB-720P-I,中環 (永和街),太古城,swapped,1.000,0.625,0.813,
1621,798,調景嶺站,火炭 (駿洋邨),CTB-798-I,火炭 (駿洋邨) (經:沙田),調景嶺站,swapped,1.000,0.625,0.813,
1642,90C,鴨脷洲 (鴨脷洲大街),中環 (怡和大廈),CTB-90C-O,鴨脷洲大街,中環 (怡和大廈),forward,0.625,1.000,0.813,
1707,N8P,小西灣(藍灣半島),灣仔(港灣道)(循環線),CTB-N8P-I,灣仔 (港灣道),小西灣 (藍灣半島),swapped,1.000,0.625,0.813,
1000288,798X,火炭 (駿洋邨),將軍澳工業邨,CTB-798X-I,火炭 (駿洋邨) (經:沙田),將軍澳工業邨,forward,0.625,1.000,0.813,
1000374,22D,啟德站,啟德跑道區(循環線),CTB-22D-I,啟德跑道區,啟德站,swapped,1.000,0.625,0.813,
1602,72,華貴,銅鑼灣(摩頓台),CTB-72-I,銅鑼灣 (摩頓台),華貴邨,swapped,0.667,1.000,0.833,
1653,95P,田灣邨,鴨脷洲邨,CTB-95P-O,田灣,鴨脷洲邨,forward,0.667,1.000,0.833,
1657,952,屯門(置樂花園),銅鑼灣(摩頓台),CTB-952-I,銅鑼灣 (摩頓台)／金鐘 (西),屯門 (置樂花園),swapped,1.000,0.667,0.833,
1552,511,大坑徑,中環 (中環碼頭),CTB-511-O,大坑徑,中環碼頭,forward,1.000,0.667,0.833,
1609,77,田灣邨,筲箕灣,CTB-77-I,筲箕灣,田灣,swapped,0.667,1.000,0.833,
1703,N72,華貴,鰂魚涌(海澤街),CTB-N72-I,鰂魚涌 (海澤街),華貴邨,swapped,0.667,1.000,0.833,
1776,720,嘉亨灣,中環 (港澳碼頭),CTB-720-I,中環 (港澳碼頭 / 永和街),嘉亨灣,swapped,1.000,0.667,0.833,
1000199,79X,粉嶺皇后山,長沙灣(甘泉街),CTB-79X-I,長沙灣 (甘泉街) (經: 旺角),粉嶺皇后山,swapped,1.000,0.667,0.833,
1000553,90,鴨脷洲邨,中環(交易廣場)(經利東),CTB-90-I,中環 (交易廣場),鴨脷洲邨,swapped,1.000,0.667,0.833,
1000692,702A,白田(北),海盈邨,CTB-702A-I,白田邨,海盈邨,forward,0.667,1.000,0.833,
1788,93C,鴨脷洲大街,堅道,CTB-93C-O,鴨脷洲大街／田灣,堅道,forward,0.714,1.000,0.857,
1000245,56,屯門 (菁田及和田),上水 (天平邨),CTB-56-I,上水 (天平邨),屯門 (和田及菁田),swapped,0.714,1.000,0.857,
1000284,56A,屯門 (菁田及和田),粉嶺皇后山(經上水站),CTB-56A-I,粉嶺皇后山 (經:上水站),屯門 (和田及菁田),swapped,0.714,1.000,0.857,
1641,90B,海怡半島,金鐘站(東),CTB-90B-I,金鐘 (東),海怡半島,swapped,1.000,0.750,0.875,
1661,967,天水圍(天恩邨),金鐘站(西),CTB-967-I,金鐘 (西),天水圍 (天恩邨),swapped,1.000,0.750,0.875,
1898,65,北角碼頭,赤柱市集,CTB-65-I,赤柱市場,北角碼頭,swapped,1.000,0.750,0.875,
8267,NA29,將軍澳(寶林),機場 / 港珠澳大橋香港口岸,CTB-NA29-I,機場 / 港珠澳大橋香港口岸,將軍澳 (寶琳),swapped,0.800,1.000,0.900,
8748,18,北角 (健康中街),堅尼地城 (卑路乍灣),CTB-18-I,堅尼地城 (卑路乍灣)／上環,北角 (健康中街),swapped,1.000,0.800,0.900,
8346,NA11,北角碼頭,港珠澳大橋香港口岸,CTB-NA11-I,機場 / 港珠澳大橋香港口岸,北角碼頭,swapped,1.000,0.818,0.909,
8474,NA12,杏花邨,港珠澳大橋香港口岸,CTB-NA12-I,機場 / 港珠澳大橋香港口岸,杏花邨,swapped,1.000,0.818,0.909,
8600,NA20,黃埔花園,港珠澳大橋香港口岸,CTB-NA20-I,機場 / 港珠澳大橋香港口岸,黃埔花園,swapped,1.000,0.818,0.909,
1000619,NA12,港珠澳大橋香港口岸,杏花邨,CTB-NA12-I,機場 / 港珠澳大橋香港口岸,杏花邨,forward,0.818,1.000,0.909,
1000693,47P,黃竹坑,堅尼地城,CTB-47P-O,堅尼地城,黃竹坑,swapped,1.000,1.000,1.000,
