route_id,route_short_name,gtfs_from,gtfs_to,matched_key,kmb_origin_tc,kmb_destination_tc,orientation,sim_from,sim_to,avg,reason
1000116,89C,恒安,觀塘(翠屏道)(不經小瀝源及彩虹),KMB-89C-O-1,恆安,觀塘(翠屏道),forward,0.500,0.385,0.442,
1000342,64K,上村球場,元朗(西),KMB-64K-O-1,元朗(西),大埔墟站,swapped,0.000,1.000,0.500,
8415,271,佐敦(西九龍站),大埔(富亨)(不經大埔太和路),KMB-271-O-1,大埔(富亨),高鐵(西九龍站),swapped,0.667,0.364,0.515,
1000626,HK1,尖沙咀碼頭,尖沙咀及旺角(循環線)(特別班次),KMB-HK1-O-2,尖沙咀碼頭,[九巴遊香港] 尖沙咀及旺角,forward,1.000,0.077,0.538,
8195,88X,穗禾苑,平田(平田方向經觀塘道，火炭方向經觀塘繞道),KMB-88X-O-1,穗禾苑,平田,forward,1.000,0.105,0.553,
8196,88X,穗禾苑,平田(平田方向經觀塘繞道，火炭方向經觀塘道),KMB-88X-O-1,穗禾苑,平田,forward,1.000,0.105,0.553,
1000117,91,彩虹轉車站,碧海樓 - 清水灣,KMB-91-I-2,彩虹轉車站- 碧海樓,清水灣,forward,0.625,0.500,0.563,
1000357,269D,天富,"瀝源(經濕地公園路, 不經元朗)",KMB-269D-O-1,天富,瀝源,forward,1.000,0.167,0.583,
8201,2F,慈雲山(北),長沙灣(星期一至五早上繁忙時間服務),KMB-2F-O-1,慈雲山(北),長沙灣,forward,1.000,0.188,0.594,
8801,13X,寶達,"尖沙咀東(不經麗晶花園及啟業, 不停曲街)",KMB-13X-O-1,寶達,尖沙咀東,forward,1.000,0.235,0.618,
1000530,92,西貢,鑽石山站(星期六，日及公眾假期特別班次),KMB-92-O-1,西貢,鑽石山站,forward,1.000,0.235,0.618,
1349,84M,富安花園,樂富(繁忙時段班次),KMB-84M-O-1,富安花園,樂富,forward,1.000,0.250,0.625,
8231,28B,啟德(啟晴邨),彩福(經牛頭角總站),KMB-28B-O-1,彩福,啟德(啟晴邨),swapped,1.000,0.250,0.625,
1000575,272A,大學站,博研路(循環線)(經科技大道西),KMB-272A-O-1,大學站,白石角(循環線),forward,1.000,0.250,0.625,
8240,87D,錦英苑,紅磡站(不經馬鞍山市中心),KMB-87D-O-1,錦英苑,紅磡站,forward,1.000,0.273,0.636,
8680,290X,荃灣西站,康城站(經消防及救護學院),KMB-290X-O-1,康城站,荃灣西站,swapped,1.000,0.273,0.636,
1000636,A43P,機場(地面運輸中心),皇后山(經亞洲國際博覽館),KMB-A43P-O-3,皇后山,機場(地面運輸中心),swapped,1.000,0.273,0.636,
8721,24,啟業,旺角(循環線)(星期一至五上午繁忙時間服務),KMB-24-O-1,啟業,旺角(循環線),forward,1.000,0.278,0.639,
1000225,24,啟業,旺角(循環線)(星期一至五下午繁忙時間服務),KMB-24-O-1,啟業,旺角(循環線),forward,1.000,0.278,0.639,
1000642,269D,天富,瀝源(不經天秀路),KMB-269D-O-1,天富,瀝源,forward,1.000,0.286,0.643,
1000645,X42C,青衣(長亨邨),油塘(不經青富苑),KMB-X42C-O-1,青衣(長亨邨),油塘,forward,1.000,0.286,0.643,
8134,272A,大學站,博研路(循環線)(經創新路),KMB-272A-O-1,大學站,白石角(循環線),forward,1.000,0.300,0.650,
8382,47X,秦石,葵盛(東)(不經沙田市中心),KMB-47X-O-1,秦石,葵盛(東),forward,1.000,0.300,0.650,
8709,47A,水泉澳,葵芳(南)(不經沙田市中心),KMB-47A-O-1,水泉澳,葵芳(南),forward,1.000,0.300,0.650,
8247,98D,坑口(北)(將軍澳醫院),尖沙咀東(不經重華路及培成路),KMB-98D-O-1,坑口(北)(將軍澳醫院),尖沙咀東,forward,1.000,0.308,0.654,
8519,89S,水泉澳,烏溪沙站(不經圓洲角及耀沙路),KMB-89S-O-1,水泉澳,烏溪沙站,forward,1.000,0.308,0.654,
8800,13X,寶達,尖沙咀東(不經麗晶花園及啟業),KMB-13X-O-1,寶達,尖沙咀東,forward,1.000,0.308,0.654,
1295,69X,天瑞邨,佐敦(西九龍站),KMB-69X-O-1,天瑞,高鐵(西九龍站),forward,0.667,0.667,0.667,
1458,N42,耀安巴士總站,東涌站,KMB-N42-O-1,耀安,東涌站,forward,0.333,1.000,0.667,
8230,X42C,青衣(長亨邨),油塘(經青富苑),KMB-X42C-O-1,青衣(長亨邨),油塘,forward,1.000,0.333,0.667,
1000545,265P,天恩,荃灣,KMB-265P-O-1,天恩邨,荃灣站,forward,0.667,0.667,0.667,
1000555,A47X,機場(地面運輸中心),大埔(太和)(經白石角及國泰城),KMB-A47X-O-1,大埔(太和),機場(地面運輸中心),swapped,1.000,0.333,0.667,
1000587,270B,奧運站,上水(不經粉嶺),KMB-270B-O-1,上水,奧運站,swapped,1.000,0.333,0.667,
1000651,290X,康城站,荃灣西站(經消防及救護學院),KMB-290X-O-1,康城站,荃灣西站,forward,1.000,0.333,0.667,
1000698,A47X,機場(地面運輸中心),大埔(太和)(經亞洲國際博覽館),KMB-A47X-O-1,大埔(太和),機場(地面運輸中心),swapped,1.000,0.333,0.667,
8432,75X,九龍城碼頭,大埔(富善)(經大埔中心總站),KMB-75X-O-1,大埔(富善),九龍城碼頭,swapped,1.000,0.364,0.682,
8494,49X,廣源,青衣碼頭(不經沙田市中心),KMB-49X-O-1,廣源,青衣碼頭,forward,1.000,0.364,0.682,
8729,69C,天恩邨,觀塘碼頭(不經濕地公園路),KMB-69C-O-1,天恩邨,觀塘碼頭,forward,1.000,0.364,0.682,
1000638,278K,粉嶺(聯和墟),粉嶺站(循環線)(往粉嶺站方向途經粉嶺樓路站),KMB-278K-O-2,粉嶺(聯和墟),粉嶺站(循環線) [上午特別路線],forward,1.000,0.368,0.684,
1000639,278K,粉嶺(聯和墟),粉嶺站(循環線)(往聯和墟方向途經粉嶺樓路站),KMB-278K-O-2,粉嶺(聯和墟),粉嶺站(循環線) [上午特別路線],forward,1.000,0.368,0.684,
8368,E32,葵芳(南),航天城(經青衣中/南),KMB-E32-O-1,葵芳(南),航天城,forward,1.000,0.375,0.688,
8798,13D,寶達,維港灣(不經深旺道),KMB-13D-O-1,寶達,維港灣,forward,1.000,0.375,0.688,
1000260,268C,觀塘碼頭,朗屏站(不經四美街),KMB-268C-O-1,朗屏站,觀塘碼頭,swapped,1.000,0.375,0.688,
1000386,98E,坑口(北),美孚,KMB-98E-O-1,坑口(北)(將軍澳醫院),美孚,forward,0.375,1.000,0.688,
1000570,89P,馬鞍山市中心,藍田站(不經亞公角),KMB-89P-O-1,馬鞍山市中心,藍田站,forward,1.000,0.375,0.688,
1000625,277E,上水(天平),藍田站(不經清河邨),KMB-277E-O-1,上水(天平),藍田站,forward,1.000,0.375,0.688,
8643,213X,安泰(南)(恒泰樓),尖沙咀(循環線)(經觀塘繞道),KMB-213X-O-1,安泰(南)(恆泰樓),尖沙咀(循環線),forward,0.833,0.545,0.689,
1000011,A43P,機場(地面運輸中心),粉嶺(聯和墟)(經亞洲國際博覽館),KMB-A43P-O-1,粉嶺(聯和墟),機場(地面運輸中心),swapped,1.000,0.385,0.692,
8696,213B,安泰,觀塘,KMB-213B-O-1,安泰,觀塘定富街,forward,1.000,0.400,0.700,
1000095,5R,啟德郵輪碼頭,觀塘 (APM),KMB-5R-O-2,啟德郵輪碼頭,觀塘 (apm),forward,1.000,0.400,0.700,
1000335,203C,尖沙咀東(麼地道),深水埗(大坑東)(不經牡丹路及海棠路),KMB-203C-O-1,深水埗(大坑東),尖沙咀東(麼地道),swapped,1.000,0.400,0.700,
1000418,251C,江夏圍,元朗,KMB-251C-O-1,江夏圍,元朗(循環線),forward,1.000,0.400,0.700,
1000529,269S,天水圍市中心,觀塘碼頭(繞經天水圍北),KMB-269S-O-1,天水圍市中心,觀塘碼頭,forward,1.000,0.400,0.700,
1000421,285A,火炭站,火炭駿洋邨(以駿洋邨為終點),KMB-285A-I-1,火炭站,火炭駿洋邨 (循環線),forward,1.000,0.417,0.708,
1316,74K,大埔墟站,三門仔(循環線)(先經香港教育大學),KMB-74K-O-1,大埔墟站,三門仔(循環線),forward,1.000,0.429,0.714,
1323,79K,彩石邨,打鼓嶺(松園下),KMB-79K-O-1,彩石邨,打鼓嶺 (蓮塘口岸),forward,1.000,0.429,0.714,
8157,277X,粉嶺(聯和墟),藍田站(不經華明),KMB-277X-O-1,粉嶺(聯和墟),藍田站,forward,1.000,0.429,0.714,
8328,40,荃灣(麗城花園),麗港城(經長沙灣),KMB-40-O-1,荃灣(麗城花園),麗港城,forward,1.000,0.429,0.714,
1000007,215X,藍田(廣田邨),九龍站(不停曲街),KMB-215X-O-1,藍田(廣田邨),九龍站,forward,1.000,0.429,0.714,
1000269,81K,穗禾苑,新田圍(經駿洋邨),KMB-81K-O-1,新田圍,穗禾苑,swapped,1.000,0.429,0.714,
1000341,B9,屯門站,香園圍口岸(蓮塘),KMB-B9-O-1,屯門站,香園圍 ‧ 蓮塘口岸,forward,1.000,0.429,0.714,
1000371,900,灣仔(會展),白石角(經大學站),KMB-900-O-1,白石角,灣仔(會展),swapped,1.000,0.429,0.714,
1000409,79K,打鼓嶺(松園下),粉嶺站,KMB-79K-O-2,粉嶺站,打鼓嶺 (蓮塘口岸),swapped,0.429,1.000,0.714,
1000443,79K,粉嶺站,打鼓嶺(松園下),KMB-79K-O-2,粉嶺站,打鼓嶺 (蓮塘口岸),forward,1.000,0.429,0.714,
1000446,A41,機場(地面運輸中心),碩門邨(經民航處),KMB-A41-O-1,碩門邨,機場(地面運輸中心),swapped,1.000,0.429,0.714,
1000539,273B,上水(清河),上水站(特別班次),KMB-273B-O-1,上水(清河),上水站(循環線),forward,1.000,0.429,0.714,
1000542,HK1,尖沙咀碼頭,"尖沙咀, 旺角及黃大仙(循環線)",KMB-HK1-O-1,尖沙咀碼頭,[九巴遊香港] 尖沙咀、旺角及黃大仙,forward,1.000,0.429,0.714,
1000505,B9A,元朗(西),香園圍口岸(蓮塘),KMB-B9A-O-1,元朗(西),香園圍 ‧ 蓮塘口岸,forward,1.000,0.429,0.714,
1000624,81K,穗禾苑,新田圍(經大圍站),KMB-81K-O-1,新田圍,穗禾苑,swapped,1.000,0.429,0.714,
1000697,A32,機場(地面運輸中心),葵涌邨(經博覽館),KMB-A32-O-1,葵涌邨,機場(地面運輸中心),swapped,1.000,0.429,0.714,
1450,S64P,翔東邨,機場(貨運及航膳區)(循環線)(經東涌發展碼頭),KMB-S64P-O-1,翔東邨,機場(貨運及航膳區),forward,1.000,0.444,0.722,
8210,299X,西貢,沙田市中心(經沙角尾),KMB-299X-O-1,沙田巿中心,西貢,swapped,1.000,0.444,0.722,
8549,3B,紅磡(紅鸞道),慈雲山(中)(不停正暉樓),KMB-3B-O-1,慈雲山(中),紅磡(紅鸞道),swapped,1.000,0.444,0.722,
8551,5C,尖沙咀碼頭,慈雲山(中)(不停正暉樓),KMB-5C-O-1,慈雲山(中),尖沙咀碼頭,swapped,1.000,0.444,0.722,
8640,A36,錦上路站,機場(地面運輸中心)(經國泰城及民航處總部),KMB-A36-O-1,錦上路站,機場(地面運輸中心),forward,1.000,0.444,0.722,
8657,73X,荃灣(如心廣場),大埔(富善)(經大埔中心),KMB-73X-O-1,荃灣(如心廣場),大埔(富善),forward,1.000,0.444,0.722,
8683,98A,牛頭角站,坑口(北) (將軍澳醫院)(夜間繁忙時間特別服務),KMB-98A-O-3,牛頭角站,坑口(北)(將軍澳醫院),forward,1.000,0.444,0.722,
1000408,78B,皇后山,上水(彩園)(不經粉嶺南),KMB-78B-O-1,皇后山,上水(彩園),forward,1.000,0.444,0.722,
8322,S64X,東涌(滿東),機場(循環線)(經機場博覽館),KMB-S64X-O-1,東涌(滿東),機場(循環線),forward,1.000,0.455,0.727,
8261,286X,顯徑,深水埗(循環線)(不經美田及美林),KMB-286X-O-1,顯徑,深水埗(循環線),forward,1.000,0.462,0.731,
1262,60X,屯門市中心,佐敦(西九龍站),KMB-60X-O-1,屯門巿中心,高鐵(西九龍站),forward,0.800,0.667,0.733,
1386,89C,恒安,觀塘(翠屏道),KMB-89C-O-1,恆安,觀塘(翠屏道),forward,0.500,1.000,0.750,
1310,72X,富蝶,旺角(柏景灣),KMB-72X-O-1,富蝶總站,旺角(柏景灣),forward,0.500,1.000,0.750,
1354,85K,恒安,沙田站,KMB-85K-O-1,恆安,沙田站,forward,0.500,1.000,0.750,
1422,99,恒安,西貢,KMB-99-O-1,恆安,西貢,forward,0.500,1.000,0.750,
8167,273A,上水(彩園),華明(循環線)(經風采中學),KMB-273A-O-1,上水(彩園),華明(循環線),forward,1.000,0.500,0.750,
8248,98D,坑口(北)(將軍澳醫院),尖沙咀東(經寶順路),KMB-98D-O-1,坑口(北)(將軍澳醫院),尖沙咀東,forward,1.000,0.500,0.750,
8396,A47X,大埔(太和),機場(地面運輸中心)(經白石角及國泰城),KMB-A47X-O-1,大埔(太和),機場(地面運輸中心),forward,1.000,0.500,0.750,
8497,80,美林,觀塘碼頭(不經顯徑),KMB-80-O-1,美林,觀塘碼頭,forward,1.000,0.500,0.750,
8517,89D,藍田站,烏溪沙站(不經彩虹),KMB-89D-O-1,烏溪沙站,藍田站,swapped,1.000,0.500,0.750,
1000023,A41P,烏溪沙站,機場(地面運輸中心)(經亞洲國際博覽館),KMB-A41P-O-1,烏溪沙站,機場(地面運輸中心),forward,1.000,0.500,0.750,
1000047,A34,洪水橋(洪元路),機場(地面運輸中心)(經亞洲國際博覽館),KMB-A34-O-1,洪水橋(洪元路),機場(地面運輸中心),forward,1.000,0.500,0.750,
1000088,A31,荃灣(如心廣場),機場(地面運輸中心)(經亞洲國際博覽館),KMB-A31-O-1,荃灣(如心廣場),機場(地面運輸中心),forward,1.000,0.500,0.750,
1000104,87K,大學站,錦英苑(循環線)(不入頌安總站),KMB-87K-O-1,大學站,錦英苑(循環線),forward,1.000,0.500,0.750,
1000192,296D,尚德,九龍站(途經M+),KMB-296D-O-1,尚德,九龍站,forward,1.000,0.500,0.750,
1000049,A34,兆康路,機場(地面運輸中心)(經亞洲國際博覽館),KMB-A34-O-2,兆康路,機場(地面運輸中心),forward,1.000,0.500,0.750,
1000195,X89D,泥涌,觀塘碼頭(經耀沙路),KMB-X89D-O-1,泥涌,觀塘碼頭,forward,1.000,0.500,0.750,
1000221,A36,機場(地面運輸中心),錦上路站(經民航處),KMB-A36-O-1,錦上路站,機場(地面運輸中心),swapped,1.000,0.500,0.750,
1000271,961,屯門(山景邨),灣仔(會展)(經銅鑼灣),KMB-961-O-1,屯門(山景邨),灣仔(會展),forward,1.000,0.500,0.750,
1000337,17,麗晶花園,何文田(愛民邨),KMB-17-O-3,太子道東(麗晶花園),何文田(愛民邨),forward,0.500,1.000,0.750,
1000382,98,將軍澳工業邨,牛頭角站(短程班次),KMB-98-O-1,將軍澳工業邨,牛頭角站(循環線),forward,1.000,0.500,0.750,
1000384,A30,梨木樹,機場(地面運輸中心)(經亞洲國際博覽館),KMB-A30-O-1,梨木樹,機場(地面運輸中心),forward,1.000,0.500,0.750,
1000445,A41,碩門邨,機場(地面運輸中心)(經國泰城及民航處),KMB-A41-O-1,碩門邨,機場(地面運輸中心),forward,1.000,0.500,0.750,
1000461,30X,黃埔花園,荃灣(荃威花園)(經祈德尊新邨),KMB-30X-O-1,荃灣(荃威花園),黃埔花園,swapped,1.000,0.500,0.750,
1000677,273A,彩石邨,華明(循環線)(經風采中學),KMB-273A-O-4,彩石邨,華明(循環線),forward,1.000,0.500,0.750,
1000634,84M,富安花園,黃大仙，樂富，廣源，富安花園(循環線)(非繁忙時段班次),KMB-84M-O-2,富安花園,黃大仙，樂富，廣源，富安花園,forward,1.000,0.524,0.762,
1000100,74K,大埔墟站,三門仔(循環線)(先經三門仔),KMB-74K-O-1,大埔墟站,三門仔(循環線),forward,1.000,0.545,0.773,
1141,273D,上水,華明(循環線)(經清河邨),KMB-273D-O-1,上水,華明(循環線),forward,1.000,0.556,0.778,
8760,23M,樂華,順利(循環線)(經九龍灣),KMB-23M-O-1,樂華,順利(循環線),forward,1.000,0.556,0.778,
1000310,R33,屯門站,迪士尼樂園(經迪欣湖),KMB-R33-O-1,迪士尼樂園,屯門站,swapped,1.000,0.556,0.778,
1000514,961S,屯門(良景邨),銅鑼灣(維園)(經業旺邨),KMB-961S-O-1,屯門(良景邨),銅鑼灣(維園),forward,1.000,0.556,0.778,
8379,3X,慈雲山(北),中港碼頭(經富山),KMB-3X-O-1,慈雲山(北),中港碼頭,forward,1.000,0.571,0.786,
1000031,E37,天水圍市中心,機場(地面運輸中心)(不經天水圍北),KMB-E37-O-1,天水圍市中心,機場(地面運輸中心),forward,1.000,0.571,0.786,
1000685,63,朗天苑,屯門公路轉車站(經唐人新村),KMB-63-O-1,朗天苑,屯門公路轉車站 (屯門方向),forward,1.000,0.583,0.792,
1287,68M,荃灣站,元朗(西)總站,KMB-68M-O-1,荃灣站,元朗(西),forward,1.000,0.600,0.800,
1411,960A,中環,富泰邨,KMB-960A-O-1,中環,屯門(富泰邨),forward,1.000,0.600,0.800,
8099,258S,屯門(山景邨),藍田站,KMB-258S-O-1,屯門(大興邨),藍田站,forward,0.600,1.000,0.800,
8788,285A,火炭駿洋邨,火炭站 (循環線)(上午班次),KMB-285A-O-1,火炭駿洋邨,火炭站 (循環線),forward,1.000,0.600,0.800,
1000372,N960,屯門(建生邨),灣仔(會展站),KMB-N960-O-1,屯門(建生邨),會展站,forward,1.000,0.600,0.800,
1000667,B1,天慈,落馬洲站(福田)(不經元朗),KMB-B1-O-1,天慈,落馬洲站 ‧ 福田口岸,forward,1.000,0.600,0.800,
1000680,73K,上水,文錦渡(新屋嶺)(經缸瓦甫),KMB-73K-O-1,上水,文錦渡(新屋嶺),forward,1.000,0.600,0.800,
1000689,HK2,九龍站,尖沙咀及青馬大橋,KMB-HK2-O-1,九龍站,[九巴遊香港] 尖沙咀及青馬大橋,forward,1.000,0.615,0.808,
8169,5R,啟德郵輪碼頭,觀塘(APM)(循環線),KMB-5R-O-1,啟德郵輪碼頭,觀塘 (apm) (循環線),forward,1.000,0.625,0.813,
8595,252,屯門公路轉車站,掃管笏(循環線),KMB-252-O-1,屯門公路轉車站(屯門方向),掃管笏(循環線),forward,0.636,1.000,0.818,
1000142,224X,啟業,尖沙咀東(循環線)(不停曲街),KMB-224X-O-1,啟業,尖沙咀東(循環線),forward,1.000,0.636,0.818,
1000643,NA52,屯門公路轉車站,國泰城,KMB-NA52-O-1,國泰城,屯門公路轉車站(九龍方向),swapped,0.636,1.000,0.818,
1000684,63,朗天苑,屯門公路轉車站,KMB-63-O-1,朗天苑,屯門公路轉車站 (屯門方向),forward,1.000,0.636,0.818,
1084,243P,青衣(美景花園),荃灣(荃威花園),KMB-243P-O-1,青衣(美景花園),荃威花園,forward,1.000,0.667,0.833,
1108,265B,天恒邨,旺角(柏景灣),KMB-265B-O-1,天恆邨,旺角(柏景灣),forward,0.667,1.000,0.833,
1109,265M,天恒邨,葵涌(麗瑤邨),KMB-265M-O-1,天恆邨,葵涌(麗瑤邨),forward,0.667,1.000,0.833,
1123,271,大埔(富亨),佐敦(西九龍站),KMB-271-O-1,大埔(富亨),高鐵(西九龍站),forward,1.000,0.667,0.833,
1138,276A,天恒邨,上水(太平),KMB-276A-O-1,天恆邨,上水(太平),forward,0.667,1.000,0.833,
1191,36B,梨木樹,佐敦(西九龍站),KMB-36B-O-1,梨木樹,高鐵(西九龍站),forward,1.000,0.667,0.833,
1214,42A,青衣(長亨邨),佐敦(西九龍站),KMB-42A-O-1,青衣(長亨邨),高鐵(西九龍站),forward,1.000,0.667,0.833,
1229,46,佐敦(西九龍站),葵涌(麗瑤邨),KMB-46-O-1,高鐵(西九龍站),葵涌(麗瑤邨),forward,0.667,1.000,0.833,
1269,63X,洪水橋(洪福邨),佐敦(西九龍站),KMB-63X-O-1,洪水橋(洪福邨),高鐵(西九龍站),forward,1.000,0.667,0.833,
1334,81,禾輋,佐敦(西九龍站),KMB-81-O-1,禾輋,高鐵(西九龍站),forward,1.000,0.667,0.833,
1817,A43,粉嶺(聯和墟),機場(地面運輸中心)(經國泰城),KMB-A43-O-1,粉嶺(聯和墟),機場(地面運輸中心),forward,1.000,0.667,0.833,
8009,203S,澤安邨,尖沙咀東(麼地道),KMB-203S-O-1,澤安,尖沙咀東(麼地道),forward,0.667,1.000,0.833,
1852,251M,上村,荃灣,KMB-251M-O-1,上村,荃灣站,forward,1.000,0.667,0.833,
8203,268X,洪水橋(洪福邨),佐敦(西九龍站),KMB-268X-O-1,洪水橋(洪福邨),高鐵(西九龍站),forward,1.000,0.667,0.833,
8369,A36,錦上路站,機場(地面運輸中心)(經國泰城),KMB-A36-O-1,錦上路站,機場(地面運輸中心),forward,1.000,0.667,0.833,
8373,A33X,屯門(富泰邨),機場(地面運輸中心)(經國泰城),KMB-A33X-O-1,屯門(富泰邨),機場(地面運輸中心),forward,1.000,0.667,0.833,
8413,271B,大埔(富亨),佐敦(西九龍站),KMB-271B-O-1,大埔(富亨),高鐵(西九龍站),forward,1.000,0.667,0.833,
8414,271X,佐敦(西九龍站),大埔(富亨),KMB-271X-O-1,高鐵(西九龍站),大埔(富亨),forward,0.667,1.000,0.833,
8431,E32A,東涌發展碼頭,葵芳(南),KMB-E32A-O-1,葵芳(南),東涌碼頭,swapped,0.667,1.000,0.833,
8503,252X,恒順園,藍田站,KMB-252X-O-1,恆順園,藍田站,forward,0.667,1.000,0.833,
8619,69X,天耀,佐敦(西九龍站),KMB-69X-O-2,天耀,高鐵(西九龍站),forward,1.000,0.667,0.833,
8756,W3,上水,佐敦(西九龍站),KMB-W3-O-1,上水,高鐵(西九龍站),forward,1.000,0.667,0.833,
8778,A33,屯門公路轉車站,機場(地面運輸中心)(經博覽館),KMB-A33-O-1,屯門公路轉車站,機場(地面運輸中心),forward,1.000,0.667,0.833,
8779,A37,朗屏站,機場(地面運輸中心)(經博覽館),KMB-A37-O-1,朗屏站,機場(地面運輸中心),forward,1.000,0.667,0.833,
1000064,265S,天水圍市中心,香港教育大學(經元朗),KMB-265S-O-1,天水圍市中心,香港教育大學,forward,1.000,0.667,0.833,
1000240,960X,鰂魚涌(英皇道),洪水橋(洪福邨),KMB-960X-O-1,洪水橋(洪元路),鰂魚涌(英皇道),swapped,1.000,0.667,0.833,
1000231,269X,天瑞,佐敦西九龍站,KMB-269X-O-1,天瑞,高鐵(西九龍站),forward,1.000,0.667,0.833,
1000234,78A,山麗苑,粉嶺名都,KMB-78A-O-5,山麗苑,只往粉嶺名都,forward,1.000,0.667,0.833,
1000333,268X,朗屏邨悅屏樓,佐敦(西九龍站),KMB-268X-O-3,朗屏邨悅屏樓,高鐵(西九龍站),forward,1.000,0.667,0.833,
1000420,285A,火炭站,火炭駿洋邨(循環線)(下午班次),KMB-285A-I-1,火炭站,火炭駿洋邨 (循環線),forward,1.000,0.667,0.833,
1000329,W2,佐敦(西九龍站),觀塘(循環線),KMB-W2-O-1,高鐵(西九龍站),觀塘(循環線),forward,0.667,1.000,0.833,
1000330,W2,佐敦(西九龍站),麗港公園,KMB-W2-O-2,高鐵(西九龍站),麗港公園,forward,0.667,1.000,0.833,
1000331,W2,創紀之城,佐敦(西九龍站),KMB-W2-O-3,創紀之城,高鐵(西九龍站),forward,1.000,0.667,0.833,
1000554,A47X,大埔(太和),機場(地面運輸中心)(經白石角),KMB-A47X-O-1,大埔(太和),機場(地面運輸中心),forward,1.000,0.667,0.833,
8347,S64P,翔東邨,機場(貨運及航膳區)(循環線),KMB-S64P-O-1,翔東邨,機場(貨運及航膳區),forward,1.000,0.727,0.864,
1855,B1,天慈,落馬洲站(福田),KMB-B1-O-1,天慈,落馬洲站 ‧ 福田口岸,forward,1.000,0.750,0.875,
8469,B1,媽橫路(山水樓),落馬洲站(福田),KMB-B1-O-2,媽橫路(山水樓),落馬洲站 ‧ 福田口岸,forward,1.000,0.750,0.875,
1000567,NA30,梨木樹邨,港珠澳大橋香港口岸,KMB-NA30-O-1,梨木樹,港珠澳大橋香港口岸,forward,0.750,1.000,0.875,
1000641,W4,高鐵(西九龍站),西九文化區 ‧ 尖沙咀 ‧ 高鐵站(循環線),KMB-W4-O-1,高鐵(西九龍站),西九文化區 ‧ 尖沙咀 ‧ 高鐵站,forward,1.000,0.786,0.893,
1040,14X,油塘(祟德圍),尖沙咀(循環線),KMB-14X-O-1,油塘(崇德圍),尖沙咀(循環線),forward,0.800,1.000,0.900,
1098,260B,屯門市中心,尖沙咀,KMB-260B-O-1,屯門巿中心,尖沙咀,forward,0.800,1.000,0.900,
1150,282,沙田市中心,新田圍(循環線),KMB-282-O-1,沙田巿中心,新田圍(循環線),forward,0.800,1.000,0.900,
1151,283,沙田市中心,美松苑(循環線),KMB-283-O-1,沙田巿中心,美松苑(循環線),forward,0.800,1.000,0.900,
1152,284,沙田市中心,濱景花園(循環線),KMB-284-O-1,沙田巿中心,濱景花園(循環線),forward,0.800,1.000,0.900,
1163,299X,沙田市中心,西貢,KMB-299X-O-1,沙田巿中心,西貢,forward,0.800,1.000,0.900,
1235,49P,沙田市中心,青衣碼頭,KMB-49P-O-1,沙田巿中心,青衣碼頭,forward,0.800,1.000,0.900,
1239,52X,屯門市中心,旺角(柏景灣),KMB-52X-O-1,屯門巿中心,旺角(柏景灣),forward,0.800,1.000,0.900,
1266,61X,屯門市中心,九龍城碼頭,KMB-61X-O-1,屯門巿中心,九龍城碼頭,forward,0.800,1.000,0.900,
1347,83S,黃泥頭,沙田市中心,KMB-83S-O-1,黃泥頭,沙田巿中心,forward,1.000,0.800,0.900,
1466,E33,屯門市中心,機場(地面運輸中心),KMB-E33-O-1,屯門巿中心,機場(地面運輸中心),forward,0.800,1.000,0.900,
1951,960B,屯門(建生),鰂魚涌(英皇道),KMB-960B-O-1,鰂魚涌(英皇道),屯門(建生邨),swapped,0.800,1.000,0.900,
8183,N73,沙田市中心,落馬洲,KMB-N73-O-1,沙田巿中心,落馬洲,forward,0.800,1.000,0.900,
1000270,83K,碩門邨,沙田市中心,KMB-83K-O-2,碩門邨,沙田巿中心,forward,1.000,0.800,0.900,
1121,270,翠麗花園,天平(循環線),KMB-270-O-1,翠麗花園,天平邨(循環線),forward,1.000,0.833,0.917,
8352,213X,安泰(南)(恒泰樓),尖沙咀(循環線),KMB-213X-O-1,安泰(南)(恆泰樓),尖沙咀(循環線),forward,0.833,1.000,0.917,
1050,18,往長沙灣(海達邨),愛民(循環線),KMB-18-O-1,長沙灣(海達邨),愛民(循環線),forward,0.857,1.000,0.929,
1000233,78A,皇后山,粉嶺站(循環線)(不經山麗苑),KMB-78A-O-3,皇后山,粉嶺站 (循環線) [不經山麗],forward,1.000,0.909,0.955,
1000590,270D,深水埗,粉嶺(聯和墟),KMB-270D-O-1,粉嶺(聯和墟),深水埗,swapped,1.000,1.000,1.000,
